"Glucose_max","Glucose_min","Glucose_variance","velocity_max","velocity_min","velocity_variance","rms_max","rms_min","rms_variance"
"0.11836855496008239","0.08384439309672503","0.3292315128024343","0.005311409517439594","-0.012140364611290502","0.027867080986097633","0.11648175599644359","0.08903011290439636","0.24200554434767155"
"0.05667822746283327","0.01543219064582094","0.47903390333191326","0.0044893645515115465","-0.004208779267042074","0.017886728027321424","0.05507268037954818","0.02020642674671985","0.3554092581213735"
"0.03187950944129202","0.01161963428234008","0.47561728706383993","0.0013407270325777015","-0.0029793934057282256","0.007587356548214197","0.031376492572433946","0.01170924351691426","0.43184914294811616"
"0.07639582485862403","0.03953819005841069","0.4141547225756823","0.001675347036373334","-0.006031249330944003","0.011706313108851679","0.07467102745228141","0.04102267766842971","0.3468671465722909"
"0.08424388827973865","0.04257004992859134","0.4127875841409074","0.00044810578872201415","-0.004929163675942156","0.004152837713792364","0.07989388178681404","0.0443724298725361","0.33646038616484014"
"0.13613895337264692","0.08437778880908846","0.3262458144130003","0.00992679868342217","-0.014181140976317386","0.04481813864560521","0.1323408967134188","0.09619999385456152","0.18413275648457395"
"0.027788893122035772","0.009619232234550844","0.49200598954948516","0.0002137607163233521","-0.001923846446910169","0.003874412983360757","0.027490492456858202","0.009726347491762021","0.4312047178925341"
"0.04682779630948642","0.019676826462292338","0.4905344706560588","0.0007626676923369124","-0.003203204307815032","0.004604662871117605","0.04445362245381015","0.021017106910346615","0.3753260509523662"
"0.14119425186525292","0.0908382599412816","0.2955139740437606","0.004936861953330522","-0.021722192594654296","0.027413965900182566","0.1366945667695774","0.0924298697236152","0.23270044239765356"
"0.06210760829889128","0.0348408534359634","0.41041683781056776","0.0021207476004499464","-0.005150387029664155","0.010731624089927618","0.06108342157444903","0.03569295861134958","0.38815633560806556"
"0.023389206424775055","0.005986523073007901","0.5128347255966285","0.001809879068583784","-0.00034805366703534305","0.003334859035637092","0.023195106950245598","0.0072466746088368245","0.42255107890932053"
"0.034939249030902494","0.012425204062661373","0.5058189655658551","0.0007433882772532446","-0.0024425614824035175","0.005676875045387611","0.03349657470927557","0.01335736851496504","0.395984936276103"
"0.13058380916375206","0.06955720488119456","0.3627182210093991","0.0059058004144410476","-0.009186800644686074","0.02423960835976029","0.127614292012459","0.07951076067855484","0.2090571041251253"
"0.10657198351008275","0.06684969874723373","0.3418081074149521","0.0077506897098242","-0.010172780244144263","0.026167793810739706","0.10292260417283329","0.06811304452288384","0.28998885835559457"
"0.049258229017729534","0.022210183619601264","0.42454696997508146","0.002638833697378368","-0.004837861778527008","0.01734788819572817","0.04820939649070056","0.022697123223285424","0.4179292375590222"
"0.06277442855442399","0.02446139704233423","0.45185947138580146","0.002947156270160751","-0.004715450032257201","0.016183490003068273","0.06012617735020829","0.026203517594843583","0.36015981183141665"
"0.08538097015851465","0.050394031258972925","0.40130660879955987","0.005777659634786705","-0.0003209810908214836","0.005128064133504702","0.08384797787695793","0.05304604632709996","0.31543962290142485"
"0.03751701580366702","0.015970081051560964","0.48433228101711784","0.0010139734000991088","-0.0029151735252849376","0.005710382302282287","0.03686206476876476","0.016508724010864635","0.4050006511709284"
"0.040431015539729415","0.01804093123685137","0.4438357238028248","0.0027383556341649402","-0.003382674606909632","0.012338976475076853","0.03927803284321508","0.01859658484497351","0.4281230542300736"
"0.09167002775230583","0.04848325912233064","0.38670188800369854","0.010592980984710896","-0.006926179874618663","0.027252480694896605","0.08805225456375017","0.049880210442190945","0.304293078310735"
"0.15949829629536258","0.12634955399301315","0.228877619738809","0.007686664881704221","-0.009608331102130276","0.0281039143938113","0.15664909837562968","0.12866789515794477","0.17377528826585564"
"0.2148768952748664","0.17268645465012092","0.11565181548598642","0.011774076453417336","-0.01471759556677167","0.038144737132279546","0.20809475025441174","0.18043289308157112","0.07305597323411826"
"0.14324647931183776","0.1032568371706164","0.26194210369717447","0.011937206609319814","-0.010743485948387832","0.040644698128165624","0.14016893486196425","0.1056537199289245","0.203893506240385"
"0.06004107256755903","0.03140223460646393","0.4157334861275403","0.005024357537034229","-0.00351705027592396","0.012308182399284088","0.058540449692318586","0.033232051824274696","0.38723521552144907"
"0.02613850831546889","0.007830523588178442","0.48363166445063793","0.0006617343877333895","-0.0027572266155557897","0.0091446790648549","0.02563275412785056","0.00831714106576463","0.44140022161506703"
"0.10038719315033028","0.06583255099769433","0.3518496648707541","0.003872502999864373","-0.008340775692015572","0.022300630098917123","0.09719074591209531","0.06805140028872958","0.2988560873736305"
"0.23238409020553635","0.19961197492014018","0.08571516753168619","0.0059585664155265726","-0.008937849623289858","0.025704061550532398","0.22631892071859777","0.2077604164943323","0.025484651786938158"
"0.04137246661560519","0.020686233307802594","0.4645220234264836","0.004183732579106142","-0.0012783627325046547","0.013449685953375637","0.04121000187264452","0.021085412156984402","0.3947688068205025"
"0.05924698924754275","0.029327259677533662","0.4846648937154494","0.005332229032278848","-0.0029623494623771374","0.02042576939647152","0.05924698924754275","0.034713376769385136","0.31000484237617304"
"0.06518766645401865","0.019762776707779407","0.5049241965429372","0.0026547013488061894","-0.006489269963748463","0.025374160890571096","0.0584224951237121","0.021954330815100214","0.30820894208082367"
"0.052265774132572745","0.016592309248435792","0.4869734853975943","0.00559990437134708","-0.002903654118476264","0.016610745147600723","0.048327593028767234","0.01809698266639771","0.3584368601257607"
"0.1671907797302097","0.12159329434924342","0.23288493459389817","0.005910785141977111","-0.005910785141977111","0.0055262377138512","0.16467663807602465","0.12482188632805333","0.18330622920871956"
"0.051310042202842014","0.02095160056616049","0.4612841682518084","0.0029930857951657843","-0.003420669480189468","0.009626988199671158","0.05004482996811707","0.02298436317030822","0.3842255913261162"
"0.05666228467527805","0.029140603547285853","0.4134800538312696","0.0034691194699149825","-0.006244415045846968","0.01939751727307648","0.05574505468989771","0.029559214158550888","0.39879056740057334"
"0.05587303580228808","0.02429262426186438","0.4787939206697121","0.0022423960857105582","-0.003737326809517597","0.009385534151844429","0.052276038266421486","0.025972673596537734","0.3549011039751389"
"0.034029398912893895","0.010579087744941108","0.47542988461959046","0.003350044452564684","-0.0012342269035764625","0.007612079227969118","0.0338180745557441","0.011263127009558109","0.425152530380315"
"0.04216945997817818","0.021505223179754684","0.4706955389744051","0.0015618318510436362","0.0","0.0016565446030094209","0.04178572755135973","0.021818330494546012","0.39880734336770324"
"0.09486836971443997","0.058380535208886135","0.40703035278421357","0.0035136433227570363","-0.004324484089547121","0.02213727058978781","0.09427443504938854","0.06631368896053742","0.25780618845953673"
"0.0691388848029333","0.042191051749821504","0.39913642289777373","0.0027220033386981613","-0.005716207011266139","0.012101101168519248","0.06875987328554785","0.0428462693839121","0.3688206003840602"
"0.20165733377725387","0.15201860546285292","0.18072633667134816","0.005170700866083433","-0.012409682078600237","0.015995357161953216","0.1858272487402784","0.15326431863989015","0.11774978075894012"
"0.035504885712213635","0.015938324608037506","0.4568894241948628","0.001425378623483029","-0.0033690767464144324","0.00935347905276843","0.034962321576510205","0.016042700239431825","0.43325256273910706"
"0.06652275117881314","0.03818453948531152","0.4285818302571181","0.001921234691084856","-0.004082623718555319","0.007229188085538676","0.0651423230243114","0.03973883084343848","0.3567619261529393"
"0.21588145516810342","0.17838092070228265","0.10472671781331741","0.01317586346096406","-0.007094695709749878","0.01574644031656054","0.21286210605711167","0.18123852429573764","0.08508266789567244"
"0.04063946886837972","0.017341842318834448","0.46705824374301874","0.0012261908710286984","-0.002452381742057397","0.005058479954782227","0.03969982675849937","0.017518063432484986","0.4139102657950291"
"0.035030161522599475","0.013496469158057805","0.47619628313896484","0.001061520046139378","-0.003336205859295188","0.007003336380593191","0.03373972456223122","0.014014887167178226","0.4227938238835311"
"0.05903695855148563","0.026834981159766194","0.4626839744933714","0.00026834981159766193","-0.0024151483043789576","0.002049158727800458","0.05680427392058857","0.027049873984246842","0.3676875776555222"
"0.23556781928111448","0.17274973413948397","0.1004989651019832","0.015704521285407634","-0.02019152736695267","0.019511273769572186","0.22501116413924613","0.17771036689240902","0.073437682757736"
"0.22363087323852837","0.16539366666599495","0.13171703134531795","0.006988464788704012","-0.009317953051605349","0.006852739551031998","0.21947933544690584","0.16913753210356572","0.08611830991155658"
"0.16051187302806533","0.08929137307521515","0.3389339891951857","0.014881895512535857","-0.012755910439316448","0.03038818854360345","0.1470768397314139","0.09339222790340723","0.13827952344988978"
"0.0737525472980597","0.03731702592371945","0.46143694218236586","0.004995192446482131","-0.0026445136481375985","0.006985652778552403","0.07097227863796099","0.038440516777162766","0.30874435760383423"
"0.19142214128897095","0.14490834994772567","0.21784687793398808","0.011926613164421866","-0.008348629215095306","0.031406275284100664","0.18631835858276227","0.16104615765146135","0.06347385536166433"
"0.11024051160587922","0.05681626367379929","0.3953243590718728","0.011024051160587923","-0.003392015741719361","0.01128722479572132","0.10588849624427626","0.058184441506576895","0.25462666768300585"
"0.2180556131036516","0.178987315755914","0.12390909262942267","0.007268520436788386","-0.006359955382189838","0.009061883089146997","0.21553415238159948","0.18612238444164864","0.06742099354401793"
"0.14780733841798754","0.09779172390280993","0.273104332518771","0.0052255119642722865","-0.014183532474453349","0.025308271976444953","0.14558161420813767","0.10202960774557468","0.21733513174045532"
"0.09458227003815974","0.05366096136858858","0.41638675510441076","0.0034744507360956636","-0.0011581502453652211","0.004967697960896721","0.09092917779202109","0.05482563601581143","0.28233120122938127"
"0.043140046450057","0.018408899131705358","0.4581820036818065","0.0022313817129339824","-0.0026032786650896462","0.008276365465571228","0.04214258744295349","0.018819970104831753","0.41140202467523035"
"0.13786816196226176","0.08445977489579999","0.3546040888876801","0.006210277565867647","-0.008073360835627942","0.015826238857511936","0.13478934989516783","0.09926619246724047","0.17504927630409828"
"0.13879291824620477","0.09357531592164937","0.28675845042074716","0.0075362670540925665","-0.010676378326631136","0.025492774939814913","0.1362970352905112","0.0964925078551632","0.22573110859844783"
"0.11266623921256287","0.07590649167287075","0.32053651144711626","0.013367180923524407","-0.003341795230881102","0.019427484284300127","0.10992029897459822","0.07734458322315135","0.27417300549275725"
"0.09539869134712887","0.05420380190177777","0.42137725862431163","0.005884984206478729","-0.0015486800543365077","0.012786462336850147","0.08569550797148254","0.05476321874120906","0.27143875492509767"
"0.10643570732945418","0.06727539991578707","0.37748602504433665","0.006694069643361898","-0.008367587054202373","0.046468464420864164","0.10046882016328944","0.07055419205152902","0.23298490848557993"
"0.16417293776311193","0.11428962205816638","0.30120893082648276","0.009471515640179534","-0.010734384392203472","0.027081852488408702","0.1620317697776754","0.1301634234128738","0.10231433242530504"
"0.15314406268683858","0.1071447471545281","0.28071362787223775","0.008975476201426438","-0.00953644346401559","0.03661428653750744","0.1496830535083324","0.11205424627526064","0.16120694322788415"
"0.19101005557479211","0.1505709897549037","0.17212032740611186","0.018068518770588446","-0.008604056557423068","0.03188513991303774","0.1846635804329439","0.15212789551589276","0.10815754918915257"
"0.05891891891083513","0.012403982928596869","0.49074153304472873","0.004031294451793983","-0.006512091037513356","0.034087354512992454","0.05254298471819769","0.015090733754148173","0.3386952887162204"
"0.08832320273501981","0.05482129824932264","0.35505292993711185","0.005329848440906368","-0.010278993421747996","0.029310997668480318","0.0877927272620877","0.05706464220828344","0.33258334692053587"
"0.13958587809200418","0.08869519337096099","0.32867627558788787","0.00945112716247945","-0.006543088035562696","0.01574006433498818","0.13247267343498625","0.09015273065505315","0.2017691453972028"
"0.11362108698674003","0.07844302802643262","0.3351413227875703","0.003639109547618008","-0.012130365158726694","0.028151293728647067","0.11152886973906892","0.08144225147078174","0.26016340287186807"
"0.08397511317253363","0.035228584062623865","0.4860707125258692","0.005734885777636443","-0.0004096346984026031","0.005377368692466989","0.07205053985493681","0.036052508098671075","0.2759199225136645"
"0.04671427831437572","0.02302106521248012","0.4692654635200807","0.000672147889415478","-0.002856628530015781","0.006537257623631272","0.045516622320207194","0.023155836227267235","0.3879739574225581"
"0.053906674476844635","0.022327018160185653","0.5157431683102","0.002011443077494203","-0.004224030462737826","0.011562090517505917","0.05258813967825056","0.024529876146065055","0.3215556200961918"
"0.21218409676128117","0.17325123497022038","0.11380508088880296","0.007786572358212153","-0.009733215447765191","0.006615345957125543","0.21101826585199562","0.17481461904768245","0.11025799961244484"
"0.17078072469412017","0.12420416341390558","0.25163763507657266","0.004657656128021459","-0.015525520426738198","0.02653922492922572","0.16415365562267153","0.12670289614246177","0.14684956441975935"
"0.23199555903382219","0.19563804605090976","0.08164858629876906","0.008656550710217247","-0.0034626202840868986","0.003614959107524729","0.2264643670953475","0.19806672301613804","0.05737782897135828"
"0.1585236833972471","0.11069326168256047","0.23587230822728317","0.006149625649031138","-0.009566084342937325","0.021616718195022117","0.1539060606764554","0.1191645904104045","0.20363983610493347"
"0.03466585980847865","0.008708331932564685","0.500438808391384","0.0011722754524606308","-0.0023445509049212616","0.007361021636769096","0.03393273695133199","0.009711695666958805","0.4063538210649735"
"0.04312583863661434","0.01364184691566372","0.48808474652881145","0.0008801191558492722","-0.004400595779246361","0.009311367644671702","0.04203306177111644","0.014089467987454366","0.3932341471390651"
"0.20195988247867266","0.16281347354007533","0.14120781915214645","0.010676293346890185","-0.010676293346890185","0.021397018354558154","0.20018761765655957","0.16567615668261632","0.10675803213537156"
"0.12040457517509529","0.0642729048977377","0.39424000063529446","0.005998804457122185","-0.02013884353462448","0.054180810563893955","0.1181064835081177","0.08943233355624895","0.1735029307411143"
"0.05570917907066106","0.023734088124778677","0.44423913180762437","0.004285321466973927","-0.0016482005642207414","0.005944496969553332","0.05511953322265931","0.02466624520055412","0.387950204701416"
"0.11753332653385089","0.07979326755509143","0.2862307911203505","0.00862629919514502","-0.0032348621981793824","0.019988704585658566","0.1167798196902414","0.08240190185461738","0.29188075166322414"
"0.2469852311499123","0.21073051832056738","0.04613412207534142","0.0067977586555021735","-0.009063678207336232","0.007603359066915234","0.244272013122138","0.216219073149517","0.030321602667442736"
"0.2373871733112895","0.20300696200413723","0.05518296773617838","0.019645835032658442","-0.0032743058387764068","0.010418599791397936","0.23511476775891982","0.20988402588736793","0.032633974316827276"
"0.24213295934424103","0.18231187527095796","0.13594895254580183","0.008545869153326155","-0.022788984408869745","0.02812041447123018","0.21168451207045721","0.18374281138185802","0.030301590170997244"
"0.034321647217387986","0.008128811183065575","0.5562239407706239","0.0013548018638442625","-0.005306307300056695","0.012645354376404494","0.03217155250381064","0.009589869717043334","0.3508703296678765"
"0.2092327913303376","0.17497786531607878","0.12439681525460371","0.012961323356746577","-0.008332279300765657","0.02066502140757999","0.2081262685453008","0.17871659436821688","0.0792555997219013"
"0.19124369130457844","0.15257309195990265","0.1796628233311345","0.004218610837600995","-0.007734119868935158","0.008796714869844959","0.18885869450776016","0.15780399146141724","0.12457650159669623"
"0.12775250838735155","0.0906792314435711","0.3226020814848461","0.009518814350430114","-0.002003960915880024","0.012382381568811588","0.12331607603892242","0.09128228947611017","0.224470578165837"
"0.1931244466434122","0.15228755924744838","0.1594869512476257","0.01191075882382278","-0.014463064286070517","0.04009638497885508","0.19024446552861152","0.15884601804898116","0.10846647976731374"
"0.06510363823182821","0.03878014551715399","0.3792006195310856","0.004230561329144071","-0.005170686068953865","0.021686028406587506","0.06366074650551463","0.039917263585194374","0.3925916829624455"
"0.15255931804170186","0.0864826707370157","0.316801894261247","0.019434308030790045","-0.007773723212316018","0.02886029405428501","0.1461086477693185","0.09144869348793415","0.16607789683002397"
"0.0936728359353766","0.05743036965085589","0.42294679365833476","0.002230305617508967","-0.007527281459092762","0.023046270383540193","0.08974780704290508","0.05879113740334954","0.25966176176722167"
"0.026178794052596155","0.006184634193655402","0.548030225883917","0.0021180254087860965","-0.00016944203270288774","0.0027048267408279047","0.024350653588903846","0.006286847449871486","0.3843154347141449"
"0.042201894167628595","0.01841537200041975","0.4637884156273122","0.0013811529000314813","-0.0033761515334102877","0.009681026021703025","0.04105011590463034","0.019003334453655873","0.407854840458029"
"0.08461768067687937","0.04990273475815963","0.44479880510934616","0.001084842059959992","-0.004339368239839968","0.005440979558752967","0.08434751662683823","0.05321658972296215","0.28093021972694143"
"0.1902429267649725","0.14611441282464382","0.1684129322762198","0.01176760371742098","-0.00784506914494732","0.02333231771557608","0.18479780168226614","0.14788917732500967","0.1352878968388382"
"0.07441406721799249","0.023650982604168154","0.39200638386557346","0.0063453855767280415","-0.009806504982216064","0.03997092196500378","0.06988690612311634","0.025665755605202276","0.3778661020244314"
"0.02873048897978871","0.006859528510745402","0.501875470449252","0.002684163330291679","-0.0018888556768719223","0.00980871558642458","0.02837487155816634","0.008744542369595255","0.4148110748926079"
"0.09177991793610363","0.04566165071447942","0.403586080708347","0.007762480621461502","-0.012328645692909443","0.039602387670798204","0.08785258878561936","0.04944547491212652","0.2866380643439739"
"0.11167553849833703","0.06136018598809727","0.35016212803874175","0.010431231617976535","-0.011658435337738481","0.04899767441416266","0.10792173526345314","0.06644489389683404","0.25466504762013614"
"0.19678027150350136","0.1576022988964694","0.1465701379737166","0.011575310088441256","-0.017808169366832702","0.045041328252306584","0.19482983726703493","0.16154522590768491","0.10386375947767772"
"0.05570509040225137","0.015192297382432192","0.5073646879282653","0.003198378396301514","-0.008795540589829164","0.029336850117800097","0.053572175120183856","0.019494736546202762","0.3249313246963921"
"0.10048051881946966","0.046221038656956044","0.3901204522674971","0.010048051881946966","-0.020765973889357064","0.056240415955648944","0.09467613630543925","0.049702377131842376","0.2732769828705568"
"0.06711007523142733","0.02342896117546871","0.4459709378101083","0.008736222811191723","-0.010324626958681127","0.03915104586600221","0.0641199525028171","0.02415993515447491","0.33764749640719083"
"0.0746334698049205","0.04324002615681902","0.39958818966466986","0.0038501393153332","-0.009181101444256093","0.02829656949287966","0.07129893510525281","0.04437272650341741","0.34390104540096367"
"0.16645578734521868","0.1281056794764673","0.2071123414177077","0.011423436386436576","-0.0065276779351066145","0.019342417852896174","0.16288649356641385","0.13138877570971114","0.17981274618025517"
"0.05662733887154785","0.018130683059749967","0.5035759965017349","0.003973848341863007","-0.0009934620854657517","0.0057835795130087055","0.0538836425478032","0.019355627190702995","0.339662746059055"
"0.0298104377230149","0.00473341409791115","0.5185047824466951","0.00231635157982886","-0.002417062518082289","0.014292091627431877","0.02929071637059274","0.009315190168282176","0.39415407850432543"
"0.01079648104644897","0.0011485618134520182","0.50647165782712","0.0018951269921958299","-0.0006891370880712108","0.008651892809270326","0.010538226764808733","0.0012085850493396312","0.45997860478543573"
"0.06360346564319116","0.03213128445705253","0.4898288902771943","0.0006591032709138982","-0.005767153620496609","0.010264690952193557","0.06291273644958316","0.0362521778312954","0.3101148047390726"
"0.019868674349054257","0.005481013613532209","0.5095046851757712","0.0005138450262686446","-0.0023979434559203414","0.007343184186996197","0.019675602196985807","0.005678761800063821","0.4343321771072482"
"0.020875689941518786","0.006018216920077488","0.49486766835528473","0.0005642078362572646","-0.002632969902533901","0.009438498642739442","0.020565413612306484","0.006235346736934892","0.44406792785741483"
"0.07039871506646964","0.0376268994320786","0.41779107544695104","0.0033378701109101983","-0.007889511171242286","0.02400198336622082","0.06751474754629229","0.038605263005234404","0.3486129571970853"
"0.06560255711666071","0.030371554220676257","0.44706286635579684","0.0027334398798608633","-0.005770595301928489","0.014503229696817579","0.06487608541876454","0.03135486063913803","0.34926600197421354"
"0.07324071565330863","0.027252359312859024","0.4364938475192443","0.005450471862571805","-0.008857016776679182","0.040504264593469834","0.07077059140135247","0.03203058087116693","0.3231141855627062"
"0.05945858047091817","0.03145956638672919","0.46718434826358224","0.003932445798341149","-0.0011010848235355217","0.008244576018591097","0.05892524590273901","0.033386441668628","0.33850988031400675"
"0.05945858047091817","0.03145956638672919","0.46718434826358224","0.003932445798341149","-0.0011010848235355217","0.008244576018591097","0.05892524590273901","0.033386441668628","0.33850988031400675"
"0.04623669654389504","0.016513105908533943","0.5429929185666349","0.0030579825756544337","-0.004403494908942385","0.028370224268347326","0.0458461494076294","0.022548726636912778","0.29883769100133456"
"0.0168653851056006","0.004283272407771581","0.5090108564380368","0.0011154355228571826","-0.0016062271529143429","0.008568773033947917","0.01672292839161896","0.0044368205872092085","0.4406027556658721"
"0.1007121557105511","0.05007475898457569","0.3998979004650859","0.0016879132241991806","-0.006751652896796722","0.006842638310388118","0.09471551426052054","0.05132045807818019","0.30150031386329607"
"0.06625729777394716","0.02560864883287528","0.4222167949772637","0.006910270319982219","-0.008536216277625094","0.03875214557607723","0.0643377076947793","0.028638696872158708","0.35581465423054154"
"0.037978795411831995","0.01012767877648853","0.4927438165816735","0.0029214458009101532","-0.005063839388244265","0.02755399297600397","0.03705036285980118","0.011403871573412709","0.38528387540812237"
"0.04110423702632403","0.01563748147740588","0.458008590088874","0.0029785679004582627","-0.00476570864073322","0.02293232521761711","0.04033535255928677","0.01767648931866719","0.4060926650520999"
"0.0751723491160118","0.04183699191873276","0.41727738454987756","0.004698271819750737","-0.006264362426334317","0.03356440493165452","0.07295538787618362","0.04576553619870007","0.31499403601542314"
"0.1556524174235112","0.10675012535941956","0.2665963450386711","0.009541910646652028","-0.019083821293304055","0.07621473487521305","0.15046507900330713","0.1153705881902122","0.13849262075631782"
"0.19435889591082162","0.14128672507170428","0.19457883463682155","0.012192255463040471","-0.01362663845869229","0.03365086385756291","0.18922958702731058","0.15258491408747443","0.09574456240395642"
"0.06783643330637666","0.03008131431685481","0.4648790870701695","0.004911234990506908","0.0","0.004366960602381261","0.06468743333823987","0.03272231248200211","0.33051522389346893"
"0.08742335107666707","0.044946468632636745","0.3611681993327953","0.005433089614934112","-0.006420924090376677","0.02150683620137144","0.08343605760834027","0.04674607672240745","0.3557608449012242"
"0.2312774995934288","0.19062872693761404","0.0814361560689616","0.011213454525742003","-0.011213454525742003","0.019103539799948697","0.22765315001786002","0.19998320616678944","0.04991772141539732"
"0.06721545695031053","0.03494233141099176","0.4437430737949164","0.006066376981074958","-0.003154516030158978","0.024125858627803268","0.065767226517328","0.03809128296926267","0.3232029087784715"
"0.1446623617957059","0.09496240927693578","0.2594899604276144","0.008874991521208951","-0.011537488977571637","0.026926787592766666","0.14149586885010496","0.10072001053887035","0.23440509897436465"
"0.05844800582536069","0.02803388514700558","0.4299128522600603","0.0026447061459439225","-0.005289412291887845","0.013011576872125534","0.05797398564822046","0.029650446850819686","0.3856139535423517"
"0.13880533191220742","0.06986228626044877","0.35574203004925825","0.011030887304281384","-0.005515443652140692","0.013654166092457697","0.12554013496391409","0.07395860558428417","0.21692200148528887"
"0.07414508950854452","0.03868439452619714","0.3938702397040593","0.0055263420751710205","-0.004144756556378265","0.009085715730253392","0.07350127295940073","0.039238542178490314","0.3700931598742619"
"0.11758269466761984","0.07405208004599037","0.3574491680033768","0.006004222706431652","-0.0035024632454184633","0.009661967573568174","0.11549092851510206","0.07770708131087872","0.24555432042245084"
"0.11758269466761984","0.07405208004599037","0.3574491680033768","0.006004222706431652","-0.0035024632454184633","0.009661967573568174","0.11549092851510206","0.07770708131087872","0.24555432042245084"
"0.2197895065753254","0.18800176802104282","0.09471016594258588","0.009082211015509314","-0.007265768812407452","0.01407641793948216","0.21725438492223362","0.19219383453181857","0.07215747986440971"
"0.09760801299267573","0.053707758345252196","0.37441624275748686","0.00700535978416333","-0.007472383769774218","0.0247705967921038","0.09196981819146248","0.05823510077950013","0.2997594941271298"
"0.13383927912471952","0.07678148118207594","0.34460092288322525","0.00774858984406271","-0.00774858984406271","0.02583980074471242","0.12909645062031744","0.08879402378513544","0.2010480416598141"
"0.05689745760810177","0.019879834585963266","0.4103319727260587","0.006169603837023083","-0.006512359605746588","0.027997562768406505","0.05374755821387229","0.020500692156403377","0.4109876777099176"
"0.029295542227102466","0.011325113768304787","0.46940215071870406","0.001871919631124758","-0.0015911316864560443","0.008252694906446213","0.028903433241677184","0.01201525995975641","0.44052501723334014"
"0.05798934187706966","0.02575245533837918","0.48057433477108985","0.0037053892573207453","-0.0025937724801245216","0.013607218627675475","0.057213177987265926","0.03096107168504023","0.33279078293628334"
"0.1891597318466165","0.12871816072402897","0.21435740000535608","0.015670036957707877","-0.032459362269537745","0.048506044416563726","0.18154567273488048","0.1388314669136178","0.11567084867076627"
"0.0280756334087353","0.006391201101175516","0.5202361610629475","0.0018260574574787188","-0.0005706429554620996","0.003845088585032849","0.027146055788377626","0.0069719399230222644","0.4060785056286923"
"0.13326286810686658","0.09544502715762065","0.2728167040414807","0.010354885021817336","-0.008103823060552698","0.038637966258320215","0.13093953563239288","0.1009438030517928","0.22570303379026138"
"0.15598978983612333","0.10843192708120768","0.24297312081486402","0.008560415295884817","-0.010462729806081442","0.01817490735960748","0.15504096669168832","0.11363125058142633","0.20766035214527942"
"0.06823340451990251","0.02637242015186416","0.40571480000683363","0.00711636734256652","-0.008790806717288054","0.04009794505018352","0.06625656316378319","0.029492838589159066","0.3655064678929954"
"0.10248697956791987","0.06328689060876158","0.34436517238585873","0.005195192512659532","-0.00991809479689547","0.026374124004382472","0.10051152770170686","0.06663913032608244","0.301059077689524"
"0.2274068446415652","0.18330369901411014","0.09608360309892502","0.011025786406863768","-0.011025786406863768","0.018751047572433892","0.22384315209772937","0.19252156554583919","0.058090088029397156"
"0.11473807869975748","0.07138083237081687","0.3622245307261018","0.006344962877405944","-0.004758722158054458","0.012816925606301781","0.11337645600970594","0.07331071567705727","0.25056622019090735"
"0.05544355215061748","0.0193718435225049","0.4153219340953284","0.0060119514380187625","-0.006345948740130916","0.02567370938447357","0.05237414239709111","0.01997683626790835","0.4121719794841883"
"0.07049026241003593","0.036167778618761894","0.42185244044648046","0.0014762358619902812","-0.004059648620473273","0.0045577246321733215","0.0696827893995639","0.037278609385333","0.3625538078661344"
"0.14993804214158027","0.07602492277601253","0.3577875999181413","0.0021118034104447925","-0.01689442728355834","0.01225398411768203","0.13352460530465987","0.07751066530489854","0.20774280431013903"
"0.15274634986134772","0.10868490278595895","0.2242194567024524","0.006854002878393808","-0.006854002878393808","0.014243565689531142","0.1511855547927884","0.11006023311272027","0.2388599370552011"
"0.13183765597162614","0.09480460654139407","0.3179816729032832","0.003950191939224753","-0.007406609886046411","0.01373995121310013","0.1302648414767732","0.09629200554519753","0.2185356842954474"
"0.04610838361381089","0.020107415410534072","0.4769927692829894","0.0027734366083495272","-0.0031201161843932177","0.008983988918307012","0.04583138086203242","0.02170488260335805","0.38061785888501193"
"0.06328774444590282","0.02881612193919831","0.4448290582611041","0.005386191016672581","-0.004308952813338065","0.01670423711020859","0.0612591326306091","0.03124060437915473","0.3527858630304878"
"0.18453542221080266","0.1125535199299931","0.2715898985752605","0.014396380456161909","-0.02094018975441732","0.07027786632799392","0.17984026210603724","0.15257267120543389","0.03517416894273412"
"0.04963623780996199","0.014143659160903148","0.4825238305797351","0.003736060910427247","-0.004269783897631139","0.012724311407179601","0.0479910165019847","0.017720487332758234","0.37579418019468114"
"0.04930900481094321","0.010762879222693188","0.5157785868656733","0.0017520966176477284","-0.00450539130252273","0.010605437552787356","0.043984825788682506","0.011222800659721095","0.3610897597843743"
"0.16929515961201694","0.12438011726597163","0.23591530019947593","0.007773757329123227","-0.023321271987369684","0.036425429704674904","0.16602495005661944","0.1285904220190926","0.15491613580039493"
"0.1128438549497922","0.0745693310486931","0.334162256651548","0.0032995279225085435","-0.011878300521030756","0.0149243807576962","0.11179158985996188","0.07761118129802488","0.28267617803280604"
"0.13517217406109505","0.059343881295114906","0.3689931717014296","0.0263750583533844","-0.018682333000313953","0.1072982952592697","0.10536048125416034","0.06232376929264009","0.1538155017832199"
"0.07957763710394099","0.03899304218093108","0.49629448102641693","0.0031831054841576396","-0.006100952177968809","0.023663228878660594","0.07841527222143768","0.04885574393324061","0.2371184413491833"
"0.0816874644496852","0.037926322780210985","0.4623218746907719","0.0007293523611579036","-0.007293523611579035","0.011040885743045506","0.07669895230490148","0.039254473152074885","0.29763419812973124"
"0.1219895676315162","0.06429775044838038","0.42135529403230904","0.0013211866530489118","-0.008367515469309774","0.01404762312908843","0.12049788853252687","0.08585883714570197","0.17899936789673784"
"0.10355436682195389","0.04594796408656232","0.4357330015158119","0.006172114578791954","-0.0020573715262639848","0.004524097196873796","0.08919970405525796","0.04608593859835412","0.2708401846726581"
"0.23116481344024198","0.14285465999116076","0.19192740016266985","0.015584144726308447","-0.015584144726308447","0.02186598189898213","0.19434066520302784","0.1454891178204495","0.07235736148346801"
"0.1755297310981828","0.12547908488143186","0.24792718490714588","0.009164202828419182","-0.007049386791091679","0.025338229562877995","0.16675785988324662","0.12732098081574617","0.12953211281404126"
"0.1299481663409047","0.09116782350618444","0.27393360726461485","0.006803568918371973","-0.010885710269395157","0.033712048034054316","0.12819122716550663","0.09295129378737338","0.2541779752523849"
"0.02826451329494748","0.005234169128693978","0.5143914605684865","0.00235537610791229","-0.0007851253693040967","0.005269644472372403","0.027086825240991336","0.005477464837679928","0.4127056717182201"
"0.13246550796895895","0.09381009283210973","0.3239491400024114","0.008013927528371182","-0.004242667515020037","0.01367474127314425","0.1309666421784489","0.09514236718797771","0.20622024854359783"
"0.250706971302069","0.2010620264897781","0.05222648194253002","0.009928988962458179","-0.02730471964675999","0.023293573392306758","0.24429146912384947","0.21265196393939537","0.03314324449437316"
"0.049697608767342284","0.013630145864460964","0.5439020004543783","0.0014678618623265654","-0.00398419648345782","0.007576929891690109","0.047187331599968844","0.02106945075088244","0.3194528672924083"
"0.2314776300021046","0.17673629858268797","0.11765736833079948","0.01876845648665713","-0.007820190202773804","0.030350892772715455","0.20770519397512596","0.1805024583834673","0.0446218916692159"
"0.12472355690483634","0.0788215787130936","0.35594433977796963","0.005563876144453666","-0.008345814216680498","0.02297000948102631","0.11775757614384512","0.07966069401423123","0.2229041830372247"
"0.07608999440254946","0.04762094887778606","0.3875574561459801","0.005952618609723258","-0.004399761581099799","0.0159015514036923","0.0741392340651011","0.049028794984542975","0.34810916309172446"
"0.07909920121819494","0.029178816449378576","0.4952309194136438","0.0007031040108283995","-0.005624832086627196","0.00888201784903795","0.07081395390474605","0.033371526628764345","0.2883452926120332"
"0.16563500798281308","0.09938100478968785","0.23441297320234308","0.020507191464538763","-0.012619810132023854","0.037829418956994224","0.1621872693542427","0.11067544706248911","0.1819914973189151"
"0.0798491428473331","0.049590520294659504","0.37671860556998166","0.0028017243104327405","-0.004762931327735659","0.012392216515990139","0.07812260465422109","0.05100738979054639","0.35428072734457106"
"0.09769683344929533","0.051817105033880394","0.40272445947535673","0.006477138129235049","-0.00215904604307835","0.004938079742997867","0.09501029241056023","0.05334526118366423","0.29014987661808855"
"0.030277859067382704","0.010307356278257941","0.5462044354799127","0.0004026311046194508","-0.002254734185868925","0.004633944099682032","0.02994022938108422","0.012279337786741647","0.3682089409881883"
"0.22315982798133585","0.15541488020128746","0.1668031158673191","0.00996249232059535","-0.00398499692823814","0.00438776118376756","0.20432972172949052","0.15821240806777376","0.08171478957666849"
"0.1431155017715598","0.10417594828601172","0.2867839114887153","0.007079918815554195","-0.011125586710156591","0.025073760384829183","0.14240952121637324","0.10840884992944347","0.1940781748176698"
"0.15681140575548977","0.11234249964572403","0.2511140924372696","0.010922187465556503","-0.0031206249901590006","0.009860952332161173","0.1557212194668562","0.11627155156470792","0.19007671632239365"
"0.15385770748091626","0.08556372507867281","0.3706924099218783","0.007849883034740626","-0.003924941517370313","0.011422933243657047","0.1340616621016996","0.09223061387351446","0.1482460067822913"
"0.09738439200078612","0.05798797887319537","0.3749889300466634","0.004869219600039306","-0.005311875927315607","0.019250549956960065","0.09624065248755388","0.06153687200371539","0.29305328095840216"
"0.014622736317236377","0.001620247791383532","0.5327556565876754","0.0013772106226760024","-0.0006480991165534128","0.004149741653092222","0.014148066431097107","0.0017186277720995322","0.43025581194129325"
"0.022684427568775346","0.0055769024587686905","0.4967882101207127","0.002562360589163993","-0.0013565438413221137","0.010672230957749758","0.022309239257657196","0.0059319298245793335","0.4348312430639151"
"0.11635263762450249","0.08302400485226648","0.3499374184605526","0.0044636561748530364","-0.0038685020182059647","0.018809277442951862","0.11534449924691839","0.08816641879455482","0.2277705894216062"
"0.18823380448299246","0.12066269518140542","0.25250680011628773","0.009653015614512433","-0.02509784059773233","0.05481443682362139","0.1695175084123655","0.12733714363431428","0.1023724363322332"
"0.17965378212408348","0.13224514517467256","0.21370760011528897","0.006653843782373462","-0.0058221133095767786","0.009666270679090105","0.1763401988020068","0.13764322646771085","0.14991204616435058"
"0.05200683016145582","0.022740629158051025","0.42471630752499956","0.004350381230235848","-0.004152636628861491","0.019899478668749016","0.050204935967662366","0.024832344715754403","0.40540172920195333"
"0.2331951455501225","0.17196513526601212","0.13073982337732504","0.011724895586319008","-0.014330427938834343","0.029388917831106386","0.21290483887118528","0.1788333091327656","0.04557836232399828"
"0.13456532181337633","0.09016559634195775","0.28851164558667236","0.010246090493404289","-0.005464581596482288","0.019807817034508107","0.13347771895281718","0.09657111660642516","0.23211927476732114"
"0.12580379258691815","0.08158185337454693","0.3149889760572226","0.0038122361389975198","-0.000762447227799504","0.0014723118881645595","0.12504320497267546","0.08434541227291135","0.2637146599363629"
"0.07122137955462723","0.0322268685767544","0.4282839830192229","0.0038672242292105284","-0.005156298972280704","0.01743929594444819","0.06917946046870592","0.03377369676672503","0.3491643904125864"
"0.05178081051403273","0.019578813925703917","0.4569237186307815","0.00515231945413261","-0.0033490076451861963","0.019544505972144893","0.05131798116758079","0.021821760861507934","0.37722909711930175"
"0.041802170654419366","0.017123780750003113","0.43472112344663405","0.0025182030514710463","-0.0055400467132363015","0.01987374232250134","0.04120171483634081","0.018290777370127576","0.43000853428173896"
"0.14058883247081425","0.06700963043001426","0.39135960018812155","0.007883485932942856","-0.02167958631559285","0.06442398452850406","0.12026228434667308","0.07157637964090928","0.15857538877761346"
"0.15430581750618588","0.09836995866019349","0.26577141085903977","0.01157293631296394","-0.03182557486065084","0.06391031377270179","0.15295758743952637","0.10507393431569866","0.17986361599434098"
"0.1353057294325187","0.08997487591705558","0.2951511714179538","0.006868311138706533","-0.0034341555693532663","0.009184426523887474","0.1331216199562964","0.09135370214254797","0.2424743190403869"
"0.140025709435994","0.09813277177686464","0.27998829252757007","0.005164882725098139","-0.007460386158475089","0.019223817694737057","0.1378561619823598","0.10397293957296178","0.22309581044288954"
"0.22009213007652625","0.17562907349540985","0.1209501850342161","0.005557882072639552","-0.010004187730751193","0.014525756375263163","0.2167779212723365","0.18283185077539282","0.073639388628967"
"0.1279043832583341","0.08272714696983993","0.2971814667159899","0.009974195024732475","-0.0058671735439602786","0.021724587890478368","0.12511092409092722","0.08628575882421165","0.25495871076944654"
"0.1279043832583341","0.08272714696983993","0.2971814667159899","0.009974195024732475","-0.0058671735439602786","0.021724587890478368","0.12511092409092722","0.08628575882421165","0.25495871076944654"
"0.09041708942376968","0.05016690122867221","0.3487857048679328","0.012250057276768795","-0.009916713033574739","0.037062995330211415","0.08902365758934197","0.05321994548309627","0.3289903618337816"
"0.06590592329369693","0.03959183670390585","0.41506622389049225","0.001689895469069152","-0.00820806370690731","0.01763037199240516","0.0654238086731258","0.04032041415794254","0.3625795895262697"
"0.09122054718236439","0.05212602696135108","0.3907759424099425","0.011234057534773939","-0.023366839672329793","0.06478297606402528","0.09113085198514906","0.052396877568979955","0.2696995599657435"
"0.24203269574516034","0.2007558018971485","0.05382882202270273","0.015009779581095214","-0.013133557133458313","0.0191057895856866","0.23643083006079074","0.20905698646486412","0.036912851776009996"
"0.16487103042317627","0.10692131180908955","0.2651258573882572","0.007345738979250427","-0.017140057618251","0.029670224874308895","0.15989681389922292","0.11478242227373339","0.16852665797121227"
"0.06517794189791415","0.03220557129073405","0.399589347790922","0.006517794189791415","-0.0023003979493381463","0.01243655490644959","0.06464236485563546","0.034310735098018734","0.38742008791987287"
"0.02006134721590694","0.0034411799968891463","0.507148882827118","0.0005125161697494473","-0.001391115317891357","0.003831343100082535","0.019640370555484583","0.0038725973278893023","0.4428828781247714"
"0.038036369446245846","0.009715811760725841","0.4860229053631365","0.0035142297857944527","-0.0035142297857944527","0.007972248472884946","0.035440411730339745","0.010975612660088575","0.4118366405665785"
"0.11674560073922947","0.06547636866856256","0.3752166545663363","0.0024708063648514176","-0.00555931432091569","0.009980177433294013","0.11625170203837125","0.075153750008647","0.2442642545016236"
"0.08169358311506573","0.03867618910761566","0.4293513036712594","0.005919824863410561","-0.003946549908940374","0.01315735628381334","0.07548317075103375","0.039873437282551584","0.3197916848341903"
"0.1041464285574415","0.06973681559793439","0.320610226023375","0.011469870986502368","-0.009634691628661988","0.041306318940680015","0.10231783259086881","0.07213737343409117","0.2879098254977686"
"0.12468435209228139","0.07071649820159244","0.339233149541458","0.008374322155451735","-0.003721920957978549","0.008667940364358931","0.12173014623327914","0.07259892812600933","0.25771658424354754"
"0.09074620130817117","0.04496433398152626","0.3987205503033965","0.004087666725593296","-0.008992866796305251","0.025994838503945378","0.08726091431309355","0.04885984463427032","0.30835851702630873"
"0.08247405265985437","0.03373938517903133","0.5009040640152144","0.006747877035806266","-0.0029990564603583404","0.016386927806521873","0.06845268355437331","0.034192038707069515","0.26010202750248734"
"0.13178910231545862","0.0777217782886038","0.3314811749639851","0.005632012919464044","-0.009574421963088874","0.02190790447750185","0.12448532319692786","0.08175114592334798","0.23480597987779972"
"0.05813123173951233","0.025137829941410738","0.44206410152689435","0.004084897365479245","-0.004084897365479245","0.012328297216807204","0.05604753163610694","0.025832483988950283","0.38045852395031815"
"0.07477633849819937","0.02643607926704018","0.4765212389163507","0.0033989244771908803","-0.00642019067913833","0.013374761081867246","0.06557478899017506","0.02697072425315591","0.3193673351951589"
"0.18946645032567963","0.11532740454606587","0.23888515847053035","0.014827809155922755","-0.0049426030519742516","0.019386444630335786","0.17888612065206547","0.12144909846711688","0.12671411680425756"
"0.04276037539650115","0.020139698992208733","0.4474411953169508","0.0036484961942407123","-0.0030647368031621984","0.01051113966599517","0.04099699437522302","0.0210244573407349","0.41654237952130774"
"0.07225551960350254","0.03938097040001323","0.40338327497824594","0.005821534754784565","-0.003424432208696803","0.010672338667056268","0.07150424375556032","0.04069286092552816","0.35971368912400586"
"0.0597481737016749","0.031688302651495595","0.41555593934470714","0.003144640721140784","-0.004837908801755052","0.01696489518104141","0.059265765065037765","0.03222316023470936","0.3862470319019481"
"0.051069552114586754","0.02161548484849951","0.44383952261252674","0.003325459207461463","-0.0026128608058625783","0.013104267014657755","0.05003130997865198","0.02311866613396309","0.3965085988955152"
"0.16056370493422745","0.11223870636179005","0.2913823358923284","0.00935322553014917","-0.014029838295223756","0.029899144278043528","0.15963020917262097","0.12618239245938143","0.12478011966668277"
"0.1515163884237731","0.1085867450370374","0.24737295097416873","0.007575819421188655","-0.008417577134654061","0.016989293018266117","0.15067745221812523","0.11045067312017172","0.21524825492192295"
"0.1363085363315918","0.0873354095058702","0.2917211266739951","0.005713531463000854","-0.006529750243429547","0.015841049862255808","0.13387480998904983","0.08914215244222719","0.24659313397543878"
"0.1334473721529699","0.08550220850519627","0.28232154464631143","0.011986290911943403","-0.011986290911943403","0.041256405467800655","0.12890821064350796","0.08727102727107498","0.2412932313131388"
"0.06310136084145224","0.020268921967254355","0.43418065983675264","0.006118919839171125","-0.008031082288912103","0.021440015236473497","0.06040181895049123","0.02089985684971069","0.38161952876760635"
"0.13345397915042898","0.0781194024295194","0.31150835046571135","0.00650995020245995","-0.011934908704509908","0.020345207033847283","0.13151245224871763","0.0789915687246201","0.2514939984492052"
"0.06305448014959304","0.03183734407553222","0.451423217710975","0.002480832005885628","-0.01033680002452345","0.026432217822518637","0.06116863753788658","0.03291689007140098","0.3410231806507314"
"0.1403458468646417","0.08361029174914825","0.303405822987802","0.00821172508250563","-0.007465204620459665","0.028573714236931818","0.1356491565722553","0.08848204436538967","0.21918660276178523"
"0.2261527899027087","0.19517295566946094","0.09114955672182232","0.00542147099081836","-0.004646975134987166","0.005416866378120197","0.22322926874131052","0.19937424875471985","0.05872981797602628"
"0.15234492745705325","0.10701302221373497","0.282411989641525","0.005945167900763054","-0.00445887592557229","0.00824794845209904","0.14910368200499238","0.10895392047148456","0.19043821778392006"
"0.1028561487351926","0.04886830596015938","0.4044351343761406","0.005584949252589643","-0.007446599003452858","0.025194252841200568","0.0999072598689546","0.061676894544210624","0.2589236534250048"
"0.12851824175856638","0.08312418388971494","0.32787479512130396","0.010022064724291874","-0.00943253150521588","0.023382247390604998","0.12374160431348448","0.08669987478454004","0.22606951952270926"
"0.23119366818456152","0.1942669017384163","0.05862079575781541","0.02568818535384017","-0.006422046338460043","0.01914395977469599","0.2283091667163198","0.2032643610236442","0.04593500778916654"
"0.15667584685753405","0.11268312138522153","0.21097984973879558","0.019295055031716017","-0.010033428616492328","0.039948335102525476","0.15652179087544624","0.12189051419348916","0.19203891543176418"
"0.06483262248883848","0.026142186487434868","0.4528740707921651","0.005925562270485237","-0.005925562270485237","0.018329164569485846","0.0631021337141221","0.028657687571744753","0.34606213437620886"
"0.2248986770431189","0.18537103077493436","0.10677765134629695","0.0068151114255490565","-0.004089066855329434","0.004356485020660134","0.22191911620476903","0.18783119685735472","0.06611979818264618"
"0.16441359213691753","0.10066138294096992","0.29592085391711975","0.010066138294096992","-0.005592299052276106","0.014934962748409197","0.15294135335774742","0.10313994654618983","0.16351406911082544"
"0.1653985848786529","0.11173202276377084","0.22425486973065534","0.009677576774814798","-0.008797797068013452","0.03284789868437841","0.1598635017584289","0.12283186718008275","0.18219147529722945"
"0.06867670074431029","0.0201990296306795","0.45115037655863416","0.009594539074572762","-0.011109466296873724","0.053026655907983576","0.06176536619980688","0.021756192815016874","0.3249406053658696"
"0.03308281965497478","0.006839907861155123","0.5223556981589388","0.0026522091706519865","-0.000977129694450732","0.005676215609109246","0.030432915552262744","0.0076997496000455225","0.3922376140873125"
"0.22904249284429834","0.1813253068350695","0.11670563315946056","0.006362291467897176","-0.012724582935794352","0.0108219476157276","0.22681926011042675","0.1894892387922448","0.05215841211066949"
"0.14488339625319677","0.08205131114339205","0.36312920654682324","0.005913608010334562","-0.013305618023252764","0.026206916830578963","0.1413656931428274","0.10120630883917546","0.14854917725692426"
"0.21151863148428537","0.16150437379341986","0.14873337202055095","0.013545528124609409","-0.013545528124609409","0.028493556737379234","0.20409459854943474","0.17074666526961","0.07490880214531984"
"0.2100225491177035","0.1869200687147561","0.12717157047061833","0.0031503382367655524","-0.008925958337502399","0.010162743919554035","0.2100225491177035","0.18923806715100305","0.07223807160939841"
"0.11495048308852886","0.0728172382911398","0.3522217139714487","0.0054956406257463996","-0.006411580730037466","0.021592661721372985","0.11303717727713547","0.08101799585802937","0.24527866989663605"
"0.05370309543366843","0.02047999402131423","0.4705837401542465","0.0031857768477599915","-0.003413332336885705","0.011874013180490868","0.052132659614022525","0.025633699116791912","0.36582035396859136"
"0.09726565925253126","0.05223526145043345","0.38863835059527857","0.006004053040279707","-0.0018012159120839122","0.0074989979946608835","0.09607085250990066","0.055281647941607795","0.29880639312739155"
"0.09294928464163736","0.0532077177100539","0.4187075148719073","0.006568854038278259","-0.001313770807655652","0.009628331002361011","0.08489783249855543","0.0532077177100539","0.2821465183348085"
"0.14671194287938272","0.08677474670304954","0.33724264788542335","0.011629605228243751","-0.006262095122900482","0.024346328040249058","0.12845069615000926","0.08910893060066773","0.18199719763587505"
"0.1940617644387665","0.1501104937470598","0.18187636855246234","0.00338086697628513","-0.00879025413834134","0.01513953035991653","0.19204943363778182","0.16579904017907066","0.10637275624699861"
"0.07070671993792775","0.025849768579457456","0.5015801239735301","0.005702154833703851","-0.006082298489284107","0.020763708635831952","0.06994973814566639","0.03227148732973738","0.2792585970534292"
"0.03351143400009574","0.00802135388300164","0.5117704981184479","0.0012477661595780328","-0.002852036936178361","0.006325943400503817","0.03298207237875518","0.00905374341286242","0.39993922558293366"
"0.1652902786442633","0.12013365612804702","0.22482601938686966","0.00852011745588986","-0.013632187929423776","0.03600332153952602","0.16342420390487744","0.12746847466912023","0.16796611620083016"
"0.09124597764761204","0.053733742392482645","0.38761572928093396","0.00608306517650747","-0.0025346104902114457","0.006662921369511848","0.09033886571252447","0.05505696752505715","0.31179734138558174"
"0.16274492607571187","0.11449753648689463","0.24217229120162073","0.007201102923704065","-0.010801654385556097","0.024702951171089452","0.16031893569670427","0.12780405808398262","0.17135985274584845"
"0.24391680767804827","0.2096366076800523","0.05310354571484426","0.005273876922768612","-0.007910815384152918","0.009776425829484264","0.23998747818008337","0.21654306803709045","0.029673005341781487"
"0.0897888035628087","0.04015680159341696","0.43002620373005374","0.013536000537106841","-0.005865600232746297","0.03519145537974579","0.07729887281315109","0.04170416161767823","0.2781633009987848"
"0.07719576719633607","0.025594318535683617","0.49522758836783914","0.006192173839278295","-0.007430608607133953","0.03248105646394953","0.06836015333265048","0.029314273868412934","0.2730652770029839"
"0.17140986403251207","0.11784428152235205","0.20714680625112805","0.011537202386803697","-0.016481717695433853","0.04975087817078286","0.16554570691297263","0.12406256506600788","0.16918441335287454"
"0.25335549640750316","0.22817731042911774","0.027348056033883756","0.004720909870947264","-0.004720909870947264","0.002559732343819206","0.2474025036847772","0.23039244013782093","0.010764460963078011"
"0.2016208194411488","0.16375775475736498","0.1413607002451101","0.005679459702567571","-0.006626036319662167","0.010607060689060008","0.19898697606885107","0.16547068995074968","0.11914257546481007"
"0.13805094584995997","0.088281506144395","0.29364298589244353","0.013034853256219397","-0.008294906617594163","0.04229599233003933","0.1323052331523646","0.09667123784057804","0.20401215215159427"
"0.1879034263456927","0.14676480637651737","0.17987830696672077","0.010006691343853458","-0.02112523728146841","0.031552344512142505","0.18635293307358902","0.149444177003053","0.12922255165989951"
"0.14320664510081377","0.0914257112790506","0.30421748107558616","0.006472616727720396","-0.009708925091580594","0.015117523671135303","0.13809170788441588","0.09386270676753561","0.21731453258532285"
"0.05685036211174411","0.018307743730900643","0.49028592728374487","0.005540501392246247","-0.004095153202964618","0.02718090984417181","0.050431744943203814","0.01953657186829305","0.33596139202866004"
"0.24326992828245236","0.1943585141304249","0.09967631347192121","0.009009997343794532","-0.002574284955369866","0.006829048436896756","0.22154261028926467","0.1951318184606644","0.03275605453995103"
"0.05400069762092361","0.020289279452948176","0.4967582093972158","0.0012485710432583493","-0.007491426259550096","0.01262081146104546","0.053192277086279494","0.020605205415009195","0.34877637478286994"
"0.08786757997280904","0.04184170474895669","0.4323057815038757","0.00592757483943553","-0.009065702695607282","0.02875186822166715","0.08139305049477862","0.04390140053748869","0.28707674237659575"
"0.05801011413585948","0.022725611723326395","0.440926372054561","0.00418629689640223","-0.007774551379032713","0.020026243111343572","0.05482845543526245","0.024187100687875284","0.3828843573344023"
"0.19697469033369058","0.15309419001182883","0.17836502432064613","0.0039004889174988236","-0.01170146675249647","0.01470915648257731","0.19464084558048644","0.1606112454147756","0.10940582569099264"
"0.0662823463682095","0.0320721030813917","0.41563735081319303","0.0017105121643408903","-0.0055591645341078934","0.008083746251097347","0.06611162707438932","0.033371430383957526","0.3822900483975285"
"0.20880973716225823","0.13572632915546784","0.2073632478279693","0.008948988735525352","-0.004474494367762676","0.009096481327647904","0.19289862994823068","0.14296147606012732","0.09866960415053606"
"0.2027105799739795","0.1216263479843877","0.2145257109210343","0.00868759628459912","-0.01592725985509839","0.027088910016227225","0.19811190876242016","0.14868372582678097","0.09449248008566956"
"0.11158927104809555","0.06974329440505972","0.3313520125303448","0.007608359389642878","-0.003804179694821439","0.027600967467279157","0.10940155692413707","0.07980610188533495","0.2667026160449273"
"0.08182656750461087","0.03651225322914907","0.4601572625118526","0.0016300113048727265","-0.0039120271316945435","0.006146363674212117","0.0771426335441255","0.040133513269923295","0.3003634220929484"
"0.0775753804484606","0.034972507579224044","0.47349685268694575","0.0015896594354192746","-0.003815182645006259","0.006013858273017272","0.0728846629555243","0.03751138202160424","0.2997708792448108"
"0.0530769696205475","0.026635695377344348","0.43303721640144727","0.005638212890094789","-0.00505494948767119","0.031251174501160106","0.05169196926384718","0.02798138249859542","0.37574232893463444"
"0.05124395534506079","0.026091244662869783","0.42232694326660986","0.005443497087936861","-0.0048803766995296","0.029251459319809308","0.04990678600515619","0.02620429901047689","0.39441219200161"
"0.06967797140309166","0.03520063607215011","0.4661689584598102","0.0024110024706952135","-0.000723300741208564","0.0025184260252228553","0.06584597385064818","0.03795227293350827","0.3209480595260822"
"0.06967797140309166","0.03520063607215011","0.4661689584598102","0.0024110024706952135","-0.000723300741208564","0.0025184260252228553","0.06584597385064818","0.03795227293350827","0.3209480595260822"
"0.06828580457130187","0.03544245912005287","0.44268970378290573","0.002362830608003525","-0.0007088491824010575","0.0025482608340775233","0.0658492530785796","0.038070620112743175","0.34545991707473683"
"0.08089534098970735","0.04914460988453211","0.3964941318701555","0.0027609331395804554","-0.0016565598837482733","0.00533289574427407","0.08061962588488128","0.05199109082552739","0.3344179315450902"
"0.08829345946337336","0.055748430036600925","0.38864390202380783","0.0030134286506270772","-0.0018080571903762463","0.005860599168805763","0.08799252939578767","0.05837719883482321","0.31387850961655045"
"0.03824313652297517","0.016663080913582037","0.46990874606410066","0.0008194957826351822","-0.003551148391419123","0.007435551904908675","0.037890345585223036","0.01752254545034608","0.41506824616764837"
"0.04782680116875574","0.02145172699480956","0.4710228764974341","0.001055002966957847","-0.004571679523484005","0.009551477515359152","0.04598133604530876","0.022558184960176263","0.3851242733746826"
"0.036809296548145055","0.011926212081598999","0.4970328229490053","0.001914083420503543","-0.00014723718619258022","0.0025221152250776585","0.035696440434853836","0.012442369870401074","0.40180389665660715"
"0.049145730163933615","0.02007096613565228","0.49329974546736494","0.0013130538593417377","-0.003188845086972792","0.00847875478325409","0.04873441346044325","0.02236128826368561","0.3597848929532972"
"0.038410330327113794","0.01524684867946502","0.4875740219526646","0.0010262301995793762","-0.002492273341835628","0.006403871685365713","0.03808886169906768","0.015812483352347896","0.39992962544623156"
"0.030395619320320026","0.012065436676768255","0.4759161904565523","0.000464055256798779","-0.001972234841394811","0.004694176730995648","0.03014122843228807","0.012205403129950249","0.43609012483772147"
"0.04097330660829623","0.016538316485530478","0.47820417956376204","0.0011919507376958903","-0.0022349076331797946","0.004881541412971546","0.04032099315523647","0.018326484856883096","0.40179813481280413"
"0.0525306281648188","0.020814022480399902","0.493372263747384","0.0011893727131657087","-0.002973431782914272","0.0049336942175762745","0.048835462721298434","0.02101299928576599","0.3602849884525051"
"0.08872768048859517","0.04191858920721032","0.3702546994744532","0.006287788381081547","-0.011178290455256083","0.021568666687450715","0.08678767856783065","0.04318383353486824","0.35244935411376616"
"0.057704311099073355","0.020574897809915497","0.4972779372399175","0.0028379169392986894","-0.004493368487222925","0.013673293029772044","0.05709248559370581","0.025542566270332356","0.32978996050520776"
"0.04276432167882694","0.015247934369089933","0.4888187863213905","0.0021031633612537837","-0.003330008655318491","0.009834768662731724","0.042310901436482716","0.01586731098826114","0.3863828218372817"
"0.029936293888869373","0.01067400642758867","0.4813627469301993","0.00110420756147469","-0.0023311048520021234","0.005755647833706529","0.02961888626734969","0.010772549469376096","0.4331067664734378"
"0.029875156648786094","0.01065220749362455","0.48117721792682555","0.0007346349995603138","-0.002326344165274327","0.005153800829257849","0.029558397251326248","0.010750549286398767","0.4344243797294949"
"0.09079503349890405","0.05303868293500336","0.362591314718965","0.007191685821695371","-0.005843244730127489","0.025348340900071945","0.08928336567472281","0.05412758922944237","0.3234672319513227"
"0.08698582802929644","0.050813503502262276","0.3544237084583782","0.006889966576577936","-0.0055980978434695735","0.023389838972806196","0.08553758056107741","0.05185672593434865","0.3457009458087224"
"0.1306149059535278","0.07693754734248898","0.32336186651021126","0.008051603791655823","-0.0044731132175865685","0.009777231468484773","0.11881450961505352","0.07801807061790247","0.25889737791826184"
"0.10800238005052613","0.05400119002526307","0.3895885853711478","0.0029348472839816884","-0.0052827251111670385","0.011841288708688068","0.10532365083516243","0.06473610538772703","0.26885467744867075"
"0.09299253832593181","0.04194772109267576","0.42181830931009584","0.0025269711501611906","-0.004548548070290143","0.010539362670993329","0.09068609073553643","0.051330740105093454","0.2927068146798023"
"0.03419670973549396","0.010067255669794951","0.4749038768270066","0.0023969656356654643","-0.003036156471842922","0.011874432852578477","0.03346539462262648","0.010293751177901914","0.4258377699507751"
"0.07858408580577973","0.043084711136759546","0.44470183498371774","0.005461442256772336","-0.0042477884219340395","0.02418171553308783","0.07683780355402284","0.045264773217291304","0.28613142193450275"
"0.05798297416362931","0.031566020683674645","0.4133720900587979","0.002014852384064339","-0.0031342148196556383","0.009067235025234445","0.05669448632734812","0.03174556073161995","0.40069099544528686"
"0.049489291681526604","0.022290631377216527","0.43444781389537174","0.0020450120529556448","-0.004499026516502419","0.012388736512958881","0.04815115394215033","0.02353363760910041","0.41215274944522223"
"0.04973606985630911","0.022401783530321042","0.42671629741181566","0.001849688548375132","-0.0045214608960281","0.012902121363457985","0.04839125949791343","0.02365098800830474","0.4188732526795309"
"0.05331836470003674","0.023916468116477387","0.44283839635070665","0.002852422802882624","-0.004827177051032133","0.011838611278112319","0.05261904798256205","0.025250136885672462","0.39219372893458193"
"0.1024801052414825","0.06163394229825816","0.37779621051466966","0.004741072484481397","-0.008388051318697855","0.028058753684796878","0.10016266529341372","0.06625005827133916","0.26726524353025644"
"0.044957376291001334","0.019998832869662517","0.4522624948847124","0.0019198879554876017","-0.003679785248017903","0.009235323096224842","0.04394072999139397","0.020577436569438747","0.4107877035900965"
"0.03911851125832212","0.016705414060493435","0.4695348966447739","0.0013921178383744528","-0.0032018710282612417","0.006358386493179486","0.03823390248000953","0.016902512116488116","0.4149561301366202"
"0.04867640219072907","0.01720654216974609","0.47131964096413925","0.0036224299304728614","-0.005207243025054738","0.02543669435720271","0.047602897896309455","0.018338272012406464","0.37300436350404886"
"0.05348473105905315","0.022637723378482962","0.4492717408960465","0.003980259055557444","-0.0057216223923638255","0.02742048264344345","0.05230518438153171","0.023983434809402075","0.37263806616884654"
"0.09093018230401784","0.05826954539481959","0.3391526448775303","0.005196010417372448","-0.008907446429781338","0.027670817381404072","0.09041137351937031","0.059611485747764405","0.33766538678750246"
"0.12648788321504334","0.08105550067249717","0.3404828502304033","0.00361393952042981","-0.012390649784330778","0.025549978768245038","0.12445147746924629","0.08292219872966511","0.22782682117880076"
"0.09346218243484396","0.05831731218041916","0.37997419557073214","0.006951732577798311","-0.0027034515580326764","0.006783946933482313","0.08884649867872975","0.06073311903819682","0.30763446414383033"
"0.09147657665714652","0.057923392169003975","0.3809212585783033","0.0063574454819638505","-0.0024723399096526085","0.00773073433954225","0.08985650528591224","0.05841939760240363","0.3097870297953769"
"0.19669102921125506","0.15854942278625883","0.15019732504818392","0.008974495629410877","-0.020192615166174474","0.035223917150313595","0.19534737448948938","0.16714387417990767","0.10806517667135516"
"0.2152625600686478","0.1553882056124676","0.1583803393576455","0.00142557986800429","-0.01140463894403432","0.004966645675686766","0.210741982462812","0.17405857323722226","0.09118075266154807"
"0.06616134862460234","0.0320135557860979","0.4148786090914096","0.0017073896419252214","-0.00554901633625697","0.008068989455210219","0.0659909409771024","0.03331051117999677","0.3834176715799125"
"0.04189427441949286","0.017444032352143785","0.5148418680992292","0.0008579032304333009","-0.0037175806652109704","0.00689790920831151","0.041751486415611994","0.01849749362740965","0.36153261331257863"
"0.07187877299526106","0.030264746524320447","0.46073338163367505","0.0034391757414000508","-0.0006878351482800102","0.003224073905493222","0.07092094068274643","0.0350414711763829","0.32518527248900087"
"0.1804006695971323","0.13736091593690278","0.19391291377225875","0.006410176077055463","-0.008241654956214166","0.011905701584257591","0.17748485634112854","0.1410512242989775","0.15971519734850112"
"0.07058777338454625","0.03441467955047273","0.42266808755547486","0.003265626526687193","-0.005777646931831188","0.016258536824351712","0.06899153257760027","0.03859169783369431","0.35099971267900393"
"0.17297113678943843","0.13679846559773076","0.20191292754797543","0.0039461095845499256","-0.017757493130474665","0.0371650637923406","0.1717895196836238","0.13865208827166559","0.15452218186315017"
"0.18721616626297508","0.13433831777648594","0.1878259288401166","0.007145655200876911","-0.008574786241052294","0.013825695770353048","0.1826773859692323","0.13807950236180064","0.15746613405921164"
"0.10755972678224657","0.053090377963031954","0.3816531672961509","0.008963310565187213","-0.01516867941800913","0.030324241396244817","0.1045883716252044","0.05562143520523441","0.27336804858470876"
"0.2250887223452423","0.2004696433387314","0.0683140364527492","0.010551033859933232","-0.018171224980996124","0.0457476323444694","0.22287065542977913","0.20623022327537305","0.0388992779347184"
"0.045062615296615594","0.02084145957468471","0.46208874710901354","0.0005632826912076948","-0.0035674570443154007","0.005793126940728208","0.04465007823072668","0.021370621644545007","0.403197525556794"
"0.11796665414724077","0.05677145230835962","0.41713991961915564","0.008110207472622803","-0.011059373826303823","0.032866898513525984","0.10476703333458916","0.058864318745787875","0.214572889685022"
"0.06444768743042109","0.022574896162068404","0.45287183627660804","0.0032770010557841233","-0.0047334459694659565","0.012214394739831116","0.06072847000186558","0.023757246212826294","0.36486191409006125"
"0.08520241050270806","0.05305786472214093","0.360864051804106","0.00503468789334184","-0.002710985788722529","0.011180110918737144","0.08335187073383439","0.053920126389281876","0.3500998628245723"
"0.21093761971193065","0.163835044436451","0.1390777488327206","0.0163835044436451","-0.012287628332733825","0.03493183282462678","0.20484806871511574","0.1759421950574528","0.06633161431079113"
"0.19511377285387677","0.1510881010304379","0.14905246958829857","0.011006417955859715","-0.016009335208523223","0.04542482299802442","0.19157084095454893","0.1577701506133861","0.11498275921409078"
"0.052443053567404176","0.018018895328287588","0.4542079422536064","0.0034962035711602786","-0.005378774724861967","0.018892866274961062","0.05142485587488971","0.019223758926328292","0.38767119892822444"
"0.03144659889828734","0.005796039796939235","0.5021502529852461","0.0025897199092707224","-0.0027130399049502805","0.020169344549027197","0.02984889103475578","0.006662704441526118","0.40404948828989784"
"0.08828370193582373","0.05507848867040944","0.3949476087437191","0.002898867824758391","-0.002108267508915194","0.006534125162886388","0.08739048565966324","0.05850739101603291","0.308467598495622"
"0.12743228813482713","0.08255047596155468","0.2998211914632155","0.0232423670183018","-0.015227757701646008","0.046094009920096005","0.1237617621140404","0.08319689495964933","0.22912876812996102"
"0.046142473774665294","0.020988995291002985","0.4648488683717284","0.0028318485710083392","-0.001665793277063729","0.006336748932202475","0.04508185682793835","0.021935151704019523","0.3934998498044984"
"0.04294777303636339","0.010802814076631282","0.48483878577569495","0.005006182133073033","-0.0034252825121026016","0.02360258696897115","0.04185288889207792","0.011509122964586662","0.3828651286647043"
"0.1062534264957184","0.040237983998378565","0.4105839178323439","0.00628718499974665","-0.013831806999442631","0.04347502455116132","0.09208783873650202","0.04599023183119835","0.2689161985543935"
"0.14808483873200912","0.07906224440776757","0.3159924087956024","0.011294606343966796","-0.022589212687933593","0.04021530465978402","0.1424018726466504","0.08451364082724933","0.20102429627490392"
"0.09095924135718617","0.03568014439978021","0.48272834361620637","0.0035177607154712885","-0.015076117352019807","0.040706114397712774","0.08153285436993388","0.03881917251244179","0.24113248598328738"
"0.10377853044187844","0.053344104432741256","0.4048230202466963","0.004849464039340114","-0.009213981674746217","0.026710686472094267","0.09788087867808022","0.056489907690768906","0.2613373896731466"
"0.044536164610922795","0.017375095610539387","0.44822332213724214","0.001397996198549146","-0.003195419882398048","0.009648002302472347","0.04354254265430928","0.018306681540264748","0.4201656148280982"
"0.11358848558285385","0.06605855189924835","0.3306328983813598","0.005639144674326078","-0.011278289348652156","0.013418233157458754","0.11070078314350121","0.06736021792761511","0.30387997458228894"
"0.1214605295496091","0.06582975265665837","0.35881851095953227","0.009271796148825123","-0.00834461653394261","0.03190115259957239","0.11906517013986015","0.07036187659736602","0.2316358278825191"
"0.0377615913595874","0.008978280463118682","0.5740108107930045","0.003036771333113672","-0.001452368898445669","0.01075296190599295","0.03186125443924589","0.009355207302486342","0.3256954913018962"
"0.023050223689797752","0.005558735616510712","0.5235805194330557","0.00014823294977361898","-0.002149377771717475","0.0022998139460715574","0.022492292599777062","0.006010567370422602","0.4190089921663085"
"0.07799864259340988","0.03295129820791113","0.4812191832981806","0.0012513151218194098","-0.0058394705684905795","0.007289666928458853","0.07429950990449062","0.03572280042615008","0.2951070540880699"
"0.18149524979446918","0.14501826331616902","0.15953491769106976","0.013345238955475675","-0.006227778179221982","0.019295850855955317","0.1806064437298888","0.14734390169359168","0.1595879121426027"
"0.20130768286965872","0.15667385273113713","0.14437070445077727","0.010930733911474682","-0.010019839418851793","0.02691092100322037","0.19750494911347363","0.1672477698499962","0.10507322548911377"
"0.20425231179905515","0.16420283889727963","0.12637240345702472","0.005339929720236736","-0.008009894580355104","0.008698815358768522","0.2018571130144259","0.1655442807937146","0.13174220153984986"
"0.061514432463711285","0.019371948344925654","0.4837035782022523","0.0037384461718277576","-0.004758022400508055","0.012219558463271836","0.055345451063530386","0.020199735324672275","0.3486648723663166"
"0.22425419749879033","0.1810051736954522","0.10793390121521144","0.01601815696419931","-0.008009078482099655","0.013138317091444331","0.21401600501548146","0.18164759500917652","0.0699957319923439"
"0.08761584828843379","0.05248055887327506","0.36758579319516754","0.002668502993556359","-0.006226506984964838","0.011101310907795299","0.08567630946186594","0.05409526481243919","0.34500291845243164"
"0.12909573409077732","0.07061037389495554","0.3638780009874487","0.009985305399286642","-0.007845597099439505","0.02332053064970138","0.1193732246759415","0.07205238025578628","0.2195300471455422"
"0.05100093953305449","0.012616021884492427","0.5022894636412257","0.005368519950847842","-0.0042948159606782735","0.020642948652855823","0.04696074277527903","0.014048197099735071","0.35136798242318795"
"0.21220263247501547","0.16238114485044663","0.16441603482852832","0.01937502296511011","-0.007380961129565756","0.0335785461138152","0.20041807012068344","0.17003416121302636","0.04497534856294033"
"0.23302086570390346","0.20633125112988807","0.06348022174065811","0.007185665462234908","-0.009238712737159168","0.01716894350123938","0.2311835157909536","0.21088653370120616","0.039981715707075476"
"0.11769429505710613","0.048978371234944786","0.43998091247762955","0.005848163729545646","-0.013889388857670909","0.0324169765353263","0.10135381933345097","0.05134969997282845","0.21626715051683904"
"0.1824772212597019","0.1264149424389501","0.21421531091454368","0.013191124428412186","-0.01758816590454958","0.0592450362507145","0.16831180395941392","0.1317545065631908","0.12197822008962252"
"0.11960885393899347","0.059804426969496734","0.3835760056868886","0.007570180629050219","-0.012112289006480351","0.025504577638942795","0.1107359853644945","0.06211239789127468","0.24319986088733933"
"0.08661149873316733","0.03543197675447754","0.41509529366882253","0.006186535623797666","-0.011248246588723029","0.030977483857480864","0.08318418682812136","0.03847081221944909","0.3152904589034067"
"0.09041299175201904","0.039646338629227604","0.44512470064693804","0.007252379017541635","-0.010153330624558287","0.028018386349497357","0.08377423883678847","0.04072081476103793","0.2752034806315083"
"0.08353887152370346","0.040285242612953444","0.44037848300282173","0.005512717410193629","-0.0038164966685955894","0.009477456914113185","0.0790750930439371","0.041742196940747094","0.3038064352201259"
"0.193161771254585","0.14287113258475223","0.19474922828330446","0.005714845303390089","-0.0022859381213560354","0.002973015930988568","0.18794526707885434","0.14608825861646588","0.12878241906901539"
"0.06224937534827224","0.030138837838303754","0.41259141917828046","0.005070084869995024","-0.005351756251661414","0.017195724882531273","0.061631603551756425","0.03174750118337955","0.3847272093991426"
"0.0904724235306133","0.05805907494287389","0.34651175672654105","0.007480003520247557","-0.004986669013498371","0.026544461844062926","0.0894083925597653","0.05971948037965072","0.3267910755097436"
"0.10005960506893986","0.06370982666498906","0.3672074477938755","0.003517720490704917","-0.006644583149109288","0.013809146807261268","0.09713961327137247","0.065531835415124","0.29566938763684214"
"0.08057664251841845","0.04733877747957084","0.4059122974867661","0.0010072080314802306","-0.005371776167894564","0.00488314254501236","0.0792416646931782","0.047945171215227594","0.33846687219824084"
"0.09269387662943072","0.0473655523436102","0.39080824908598816","0.006111684173369058","-0.014260596404527802","0.042018737087300695","0.08532709080318118","0.04984916392720165","0.3000862423544462"
"0.08402832099915622","0.0519648827231624","0.3833070203374074","0.004053997942941747","-0.005159633745562224","0.011797134013960485","0.08160877203218582","0.05240734438291017","0.335992161313838"
"0.07790766795816431","0.041609777204928665","0.4491630215331863","0.002951048028718345","-0.001180419211487338","0.003390754184997379","0.07503802000900127","0.0419661442108241","0.30915398608166683"
"0.08396197982674258","0.05160453909617069","0.3978725461173347","0.002789434545738956","-0.0011157738182955824","0.0040975831602923975","0.08246504566600335","0.055334816778806056","0.3229898286272068"
"0.04810582435457176","0.026815746684136284","0.44771733183510815","0.000650078707494213","-0.0021127557993561924","0.0037045210531106007","0.047651922181694346","0.026979049576999346","0.40048828140624143"
"0.2170627305282495","0.1577808923587696","0.15732386485424935","0.010944339354365522","-0.004560141397652301","0.018093079447902734","0.20210884154965963","0.16846374531301633","0.07278264799143949"
"0.16213661138759575","0.11881766941381063","0.2410155915060836","0.008044946366560096","-0.003094210140984652","0.01842250775022396","0.15114093776954252","0.12142778183908115","0.182088164108087"
"0.22029306607937363","0.18397234550714717","0.10971665011503969","0.010264551466064005","-0.007106227938044311","0.022675335864664584","0.2168405320200652","0.18971346460150737","0.05363028228418272"
"0.03308602791503394","0.009127180114492123","0.4942746922653472","0.003549458933413603","-0.003042393371497374","0.010549194535157314","0.03273279052489022","0.010362173521802869","0.40936087556136"
"0.09528992955092142","0.05881396245279422","0.3769609906952741","0.003675872653299639","-0.0076345047414684815","0.01516721608638405","0.09126982255570312","0.06207261963121818","0.3043840911158737"
"0.058217663763564034","0.035681793919603765","0.4260350303792787","0.000938994576831678","-0.0024413858997623626","0.004140131421981627","0.05806759469472278","0.03598356597391681","0.3833766111698629"
"0.10700631235770548","0.07389182694777617","0.3516609350554228","0.005473468662798234","-0.004652448363378499","0.011392754927738778","0.1061321663729411","0.0778855550659235","0.2712094289730724"
"0.0763544552907806","0.04686718483321571","0.45949348809739005","0.003905598736101309","-0.010154556713863404","0.028246374948022485","0.07573070759739042","0.04976880731727052","0.26978793989369226"
"0.04654744035331431","0.024399867927140564","0.47084954880259106","0.0010010202226519206","-0.006506631447237484","0.013426044705732403","0.04639765176759535","0.026320895954967057","0.37756416171324475"
"0.08321587398048007","0.04482623045909838","0.4653603826147017","0.0018390248393476258","-0.011953661455759568","0.027410982303724525","0.07683776668491611","0.047048922102090746","0.26541447847140054"
"0.13082603942227677","0.0809875482137904","0.3660631128804802","0.005814490640990079","-0.006229811401060799","0.015987080457655584","0.11602355439040503","0.08500328508833048","0.20552470030713219"
"0.10660037158247747","0.07747120027796328","0.34238000998933343","0.0043383872155659435","-0.014254700851145243","0.04273241397686543","0.10610629355825177","0.07983657340395954","0.2547894508467283"
"0.144506969102446","0.11172329850010004","0.26992308177682633","0.0034509126949837854","-0.004313640868729732","0.00856041622682887","0.14082461845442573","0.11258767939768033","0.21273666471543856"
"0.024290065951089655","0.009473125720924964","0.5025935813930249","0.0006679768136549655","-0.001821754946331724","0.008833959062782736","0.024290065951089655","0.009692466815253828","0.42198051323851093"
"0.11969560635281205","0.06846058665935745","0.34656074010579496","0.006183536859554866","-0.007950261676570543","0.026644773146989695","0.11252612104261496","0.07368296303188489","0.25419593447756156"
"0.07610212075354675","0.034045685600270915","0.441588118692978","0.010013436941256152","-0.007610212075354675","0.023082579538402884","0.07460175841919947","0.03494101261166348","0.313235499518037"
"0.08240479232564654","0.044371811252271215","0.3778606791725669","0.013205896206033099","-0.010036481116585155","0.035192246067277534","0.07814998998709903","0.04532435959291459","0.3335267065127763"
"0.1890787989411905","0.1293697045387093","0.1972403140746945","0.016348918705441286","-0.013505628495799322","0.05709958583229872","0.1787506025160442","0.15331966259602328","0.09229804129139745"
"0.14555439478043647","0.1109723222616803","0.25885742255979877","0.012387608066420126","-0.009806856385915934","0.039000343945141375","0.14442048737819477","0.11148990633949578","0.18712437105474833"
"0.027292358071836293","0.009177254907196414","0.49479333870039116","0.0016758465482706497","-0.002074857631192233","0.009188736557858368","0.02654829168252884","0.009648480717487938","0.4237505504456225"
"0.03288654807261723","0.01149529795851362","0.49482526313400826","0.0009995911268272715","-0.0025989369297509056","0.009935769400237686","0.031072817140935103","0.012085548654372072","0.40929810144223966"
"0.11183622879325655","0.061832530342425494","0.3334918108006775","0.024733012136970198","-0.01397952859915707","0.09115527246262758","0.10825025062209395","0.0739465232634745","0.20873390017763124"
"0.0321470439991388","0.01056094225242466","0.48836716568354005","0.0017408146569930759","-0.0024371405197903062","0.011069131183032786","0.03097428453081777","0.011370835275658207","0.41620692293818506"
"0.07539561365230897","0.03479797553183491","0.4727940977645965","0.009834210476388126","-0.004791025616701907","0.024808751585027173","0.0739537965382118","0.03924524672076523","0.27396133334756917"
"0.1735003121921479","0.14747526536332572","0.18013959080536743","0.007373763268166286","-0.003036255463362588","0.016395882653354288","0.1735003121921479","0.1507028995001956","0.15394822948865758"
"0.017910371316481304","0.004115176699348184","0.5182394258243324","0.00023381685791751047","-0.0017302447485895776","0.0036923601981342135","0.01720784057660487","0.004324840839062712","0.4360064124367084"
"0.0701665201246505","0.0388089159981474","0.38900991261909906","0.0031047132798517917","-0.0062094265597035835","0.014205788096032975","0.06898991475915293","0.03994041984722088","0.38198324183554805"
"0.13314702214057872","0.08314421033232644","0.28306565923405197","0.01511712915133208","-0.010465704797076055","0.06481021472434256","0.12615729183869198","0.08766847554483378","0.2173557018309186"
"0.10581163572494556","0.0713248803775559","0.35065192289352703","0.0050946343126825645","-0.004310844418423708","0.007441810113741933","0.10432579144766216","0.07305661836136394","0.28660355118694464"
"0.1891559692202354","0.1528713336150959","0.16634940359516975","0.004163810643212729","-0.004758640735100262","0.011952119312993488","0.18513230178191112","0.15871288569490252","0.1364208168715794"
"0.177949528524171","0.1398974280850401","0.20181099286576842","0.003917127986381123","-0.004476717698721283","0.010766506065424687","0.1741642410360759","0.14791449743037707","0.1480563957054829"
"0.040405464611303274","0.01725342831942512","0.45773132326146954","0.0020645127903585613","-0.0033916995841604936","0.009156519272339398","0.039555488480253906","0.018403160590248855","0.41882180225876187"
"0.08609228835658557","0.044222268336169636","0.35392892556162603","0.006586295284110371","-0.007997644273562594","0.027246353602299125","0.08469034783773259","0.04775608659142433","0.3574750787036148"
"0.06140538389529892","0.027517765397063416","0.43648498285889337","0.0028027353645157186","-0.006624647225218971","0.024658375453241205","0.06039502241739079","0.029282042191611863","0.3640783396472036"
"0.05144159656206408","0.023052665679265234","0.42134770579353653","0.002347956689554792","-0.0055497158116749636","0.020394304597609533","0.0505951788014159","0.024530666618787427","0.41183964106944143"
"0.23718848128012252","0.17965266156365714","0.13281293999745908","0.01174200402376844","-0.0046968016095073764","0.01108445179843741","0.21152170025468778","0.18082991181148947","0.03986465087988544"
"0.04596016084120581","0.023636654146905845","0.46362470312611587","0.003647631812794112","-0.0007295263625588224","0.007905602209055985","0.045146731726544986","0.02381216960320758","0.3869958728967286"
"0.03692780146957218","0.01701168382306134","0.4862782905503457","0.0025932444852227654","-0.0005186488970445531","0.004567070477946662","0.036515652303478294","0.01751516565268756","0.3991097401347301"
"0.02714721744162045","0.009850561757387992","0.49847194958283164","0.00031025391361851946","-0.0015512695680925971","0.0029448298043517613","0.026160817150324225","0.010131405561741903","0.4265342343562162"
"0.16727228988801712","0.10886874460508232","0.26071544223088394","0.009639420095241664","-0.02551611201681617","0.07958977299873383","0.15657953894165963","0.12191558750360855","0.12093531575358903"
"0.1929087126412808","0.1494206213522059","0.1812734800117736","0.0033452377914672967","-0.008920634110579457","0.0061574650430337415","0.19093335229042369","0.1500923198927669","0.1347894450876276"
"0.17639171825953034","0.10561726340231137","0.29402128187171056","0.011977215437375517","-0.010888377670341379","0.02545627607066019","0.14821557888392084","0.10714739014237828","0.14206165360245424"
"0.13490464155314577","0.09204431272636508","0.296075872603141","0.005621026731381074","-0.0021078850242679027","0.0054756553503970806","0.12971021594063953","0.09260790807287245","0.24566825204632597"
"0.20932609120524243","0.17481354570186913","0.11665990652868514","0.00975354546834463","-0.006752454555007821","0.021193197305954","0.20604543661065977","0.17980266758969335","0.08915806414455933"
"0.061002588566024224","0.03206335517621219","0.4757692183016319","0.0013154196995369106","-0.008550228046989919","0.018545306209850496","0.05924597792929282","0.03399372260966421","0.3266146395547773"
"0.2208778794143772","0.18052518990598135","0.12004453167466958","0.003185738645399671","-0.005309564408999452","0.00490171915237476","0.21435231684412948","0.18158958677753265","0.0798326019945348"
"0.16053221059332673","0.1130100399483708","0.2834716796927168","0.008693079996028523","-0.0034772319984114094","0.0112475982318809","0.15228154558555299","0.11510256539593433","0.1591385125546003"
"0.16937776920216918","0.11880525991431772","0.2224735523661288","0.008027382426643088","-0.01444928836795756","0.02439904275741387","0.16097654061472985","0.12204261589155604","0.18834712519499897"
"0.07079121666151536","0.0375986544924231","0.40915821895193855","0.00323113437044261","-0.00323113437044261","0.010810730843577957","0.06962642110529836","0.038783402525620174","0.3632313554196264"
"0.1121767362092936","0.07893918473987327","0.33495450248414527","0.005885816406043183","-0.0024235714613118986","0.011564968488393725","0.11162333544334374","0.08089392873293867","0.26638509895728035"
"0.08242964565025071","0.04576615295305331","0.43967787565282956","0.006068440170570604","-0.0012642583688688759","0.008452642040993955","0.08162230621582615","0.05250433193873004","0.28474286374661456"
"0.18256579015560587","0.14658959033082472","0.16696357454005276","0.00966524771412031","-0.010202205920460328","0.04415954504554215","0.17744043712330393","0.1516790508300595","0.13113897018095108"
"0.24844495773208053","0.23726493463413692","0.00906824095722094","0.007453348731962416","0.0","0.0036158933206191027","0.24844495773208053","0.24476368026441053","0.000943986627489001"
"0.20062919624474346","0.15839147071953433","0.15339203623221404","0.009386161227824256","-0.012905971688258352","0.0170786839701285","0.1992287344164846","0.1607448620930604","0.11405482678426888"
"0.18674634682749794","0.11958318700357325","0.2045036310346039","0.008190629246820085","-0.019657510192368204","0.03376759777000548","0.1828459606607159","0.12861113724346598","0.15540902040568552"
"0.09416202755725996","0.052595006383334385","0.4483092777077521","0.004524301624372851","-0.009614140951792308","0.04424172535212755","0.09275197646276928","0.06957148190745759","0.2034583439567187"
"0.21099621026688287","0.16410816354090887","0.1416884207224715","0.010047438584137279","-0.018420304070918346","0.03322265413720382","0.19976681480026226","0.16833374841448093","0.09025685360457074"
"0.20404534249469705","0.16039385131423947","0.1438863687967719","0.011166660534535659","-0.00812120766148048","0.015778898119927595","0.19877008303327068","0.16942501495148235","0.10465498841655577"
"0.16708187495826388","0.12825606067292317","0.26789327140102487","0.0030537157303076948","-0.004798696147626377","0.012909950245608613","0.16647286946707093","0.13981162172109846","0.11931933195132878"
"0.11631835441462264","0.07193986578253769","0.3384396971479918","0.010744265668820564","-0.006539987798412518","0.030560306496777635","0.11455060660026631","0.08291184651389437","0.24107504517350148"
"0.07070952637647028","0.03517345671034675","0.4104138043171171","0.003263516601990936","-0.006889646159758642","0.012837619673362149","0.06940813602211138","0.036943480595437214","0.36814010586292284"
"0.06288947006219378","0.03119317715084811","0.45745101751350176","0.005031157604975502","-0.0012577894012438754","0.007466572897467213","0.06218966680815828","0.03305091464912231","0.34198581271497686"
"0.08153668357631853","0.050678877913457654","0.4275585476019639","0.003829070775683467","-0.0018019156591451608","0.006572385593849918","0.0801453138273265","0.05167868900511245","0.29980234736543265"
"0.17963212213801213","0.1262760462554343","0.2154953097349389","0.015117554833397061","-0.013339018970644465","0.028553854005809207","0.1766324308409278","0.13276147772867947","0.1388702234334456"
"0.222778991152929","0.1843071171787284","0.10132318560585066","0.008946947435860603","-0.008946947435860603","0.022557797078476605","0.21497896879413825","0.18899629686674616","0.06505764332313096"
"0.12929770900599255","0.0626411261022821","0.34776443639197024","0.012849461764570688","-0.011243279043999353","0.043615213780841385","0.1120270709097974","0.06557672487339289","0.237471536215152"
"0.11365002025637275","0.06051494585079588","0.3760651290769026","0.005903897156175207","-0.003689935722609505","0.004371762133184436","0.10734656591667123","0.06171090688171321","0.2741267084507943"
"0.13213143695659327","0.0757338724019498","0.3394247138746535","0.012085192404566458","-0.006445435949102111","0.011195208754638416","0.12924967476373878","0.0804962119514757","0.22612912484148615"
"0.14140402531195262","0.07438789957169072","0.37590164013694183","0.00670161257402619","-0.016754031435065476","0.03549862508296299","0.13966713701458025","0.10546686076318629","0.13772623097972456"
"0.1102686681945652","0.06046991481637446","0.3625224090335171","0.01007831913606241","-0.0041498961148492275","0.018422521669011333","0.10602765383602317","0.06781919010266589","0.26854121932662967"
"0.14448469509312103","0.10825942571818867","0.285766021538068","0.00416382406608418","-0.00624573609912627","0.012930134281790063","0.14257240048647182","0.11331508875311155","0.19475414616229092"
"0.1835658832079407","0.12761264608038658","0.18451370704934117","0.009816357390798967","-0.017669443303438143","0.037008017530638766","0.17096363726566266","0.13356452011511236","0.17062467466355705"
"0.1630927144516393","0.07514219304578146","0.3771758584872746","0.036717207965552306","-0.01195443980273796","0.06930610335781325","0.11389413841667657","0.0779034685563305","0.0987227555216701"
"0.059002911118542806","0.02615264168497573","0.3933654981764732","0.005102954475117215","-0.005421889129812041","0.022811602079908646","0.05836748169540381","0.02798858304219113","0.41263021685719947"
"0.0852708998032565","0.037950235626724046","0.37967362687795636","0.020614942809578495","-0.01265007854224135","0.07403752755127453","0.08258080584811874","0.046943415523045415","0.2855786245022873"
"0.07713369825729176","0.04158236408109144","0.41307123394671735","0.006348452531464342","-0.0076181430377572105","0.02977205325100519","0.07437057017820117","0.04526584662667844","0.3200739241653075"
"0.12108404769347125","0.06303005222399874","0.43651014208294425","0.0060818471444209305","-0.007187637534315645","0.01473422961850199","0.11584519997141411","0.07687788492775638","0.17302423387180813"
"0.17746288663904944","0.1368569718996059","0.21292204346090088","0.009775497992828994","-0.00601569107251015","0.019059225758267892","0.17686157330079172","0.1409718032973254","0.13210568872373976"
"0.11030323804097357","0.05370785936026462","0.37154096098733314","0.007507550233155269","-0.017325115922666008","0.07330659632216754","0.09579220770173928","0.05654408723824262","0.24862261603878996"
"0.24298850311763487","0.2150186034781949","0.048244192169750726","0.004370296818662498","-0.006118415546127497","0.007150449967276571","0.2396832703566537","0.22743051517766133","0.02123258446029272"
"0.058296711768720824","0.024122777283608617","0.451626891571205","0.004594814720687355","-0.004594814720687355","0.02227884153065739","0.05704169740774138","0.025764017715836293","0.36086906272223046"
"0.10093498763202369","0.06728999175468246","0.3460383672281351","0.003364499587734123","-0.0041121661627861504","0.007106833057034371","0.09929704584928921","0.0693190145057208","0.31076142654816635"
"0.03436815633178768","0.009100975195874089","0.5146500351320176","0.0008382477154094555","-0.0023949934725984445","0.006017100723250004","0.03148806225938636","0.009686260862871143","0.39624615525200213"
"0.07039675281235044","0.029736559377630794","0.4757677554329287","0.0009103028380907386","-0.0036412113523629545","0.00438446297601215","0.06768162648287702","0.03346565098115968","0.32129810045131346"
"0.17644791906762614","0.1366948305820345","0.19831599230472938","0.00906649386513494","-0.0104613390751557","0.03948854887679462","0.17284349802498414","0.13936276761939687","0.138241288734455"
"0.09313926579035556","0.04826925453368792","0.44113453011312154","0.002379470293914193","-0.010537654158762856","0.017971124207238467","0.08978610647962791","0.055049902662761496","0.26280800007805577"
"0.06418292554195898","0.0252688683236059","0.5162699333108137","0.001010754732944236","-0.004801084981485121","0.008255498526271055","0.0638300817017889","0.03411484395354309","0.2918681788905593"
"0.14083780590158362","0.10539204938272868","0.28526534797446934","0.0061439311299348555","-0.00567132104301679","0.016283412459616974","0.13857907751071372","0.10700919368726912","0.20616050299670033"
